byte_index,guess,time_ns
0,0,27.372
0,1,28.052
0,2,21.11
0,3,27.222
0,4,23.329
0,5,22.245
0,6,25.326
0,7,27.483
0,8,29.118
0,9,29.051
0,10,24.048
0,11,20.755
0,12,21.376
0,13,20.051
0,14,26.663
0,15,20.129
0,16,27.611
0,17,22.245
0,18,24.196
0,19,24.035
0,20,20.263
0,21,24.461
0,22,22.698
0,23,28.072
0,24,27.307
0,25,24.332
0,26,27.643
0,27,29.121
0,28,22.003
0,29,22.153
0,30,25.869
0,31,27.362
0,32,27.029
0,33,29.973
0,34,23.813
0,35,20.845
0,36,29.888
0,37,26.845
0,38,21.014
0,39,26.308
0,40,22.888
0,41,20.563
0,42,26.402
0,43,20.749
0,44,24.236
0,45,29.752
0,46,27.855
0,47,24.099
0,48,29.904
0,49,24.381
0,50,29.248
0,51,20.254
0,52,21.292
0,53,24.663
0,54,21.239
0,55,27.452
0,56,25.711
0,57,27.568
0,58,22.584
0,59,27.365
0,60,25.994
0,61,26.532
0,62,21.784
0,63,27.786
0,64,24.966
0,65,23.311
0,66,27.838
0,67,163.241
0,68,27.889
0,69,24.317
0,70,25.775
0,71,26.458
0,72,22.005
0,73,22.418
0,74,26.005
0,75,29.249
0,76,21.476
0,77,22.349
0,78,25.797
0,79,29.402
0,80,26.906
0,81,24.632
0,82,21.778
0,83,23.456
0,84,29.546
0,85,24.714
0,86,24.752
0,87,23.448
0,88,26.998
0,89,24.595
0,90,20.757
0,91,29.192
0,92,23.984
0,93,29.336
0,94,26.486
0,95,23.917
0,96,27.898
0,97,22.148
0,98,28.314
0,99,22.254
0,100,27.485
0,101,27.123
0,102,24.94
0,103,20.974
0,104,28.282
0,105,22.558
0,106,28.663
0,107,27.034
0,108,27.802
0,109,28.212
0,110,25.172
0,111,26.671
0,112,21.486
0,113,21.642
0,114,24.423
0,115,22.581
0,116,25.448
0,117,25.244
0,118,28.931
0,119,28.58
0,120,24.046
0,121,25.08
0,122,26.008
0,123,22.642
0,124,29.26
0,125,29.672
0,126,28.107
0,127,28.562
0,128,20.298
0,129,28.859
0,130,25.633
0,131,22.28
0,132,21.583
0,133,23.657
0,134,25.687
0,135,25.016
0,136,26.87
0,137,29.849
0,138,27.559
0,139,29.985
0,140,29.103
0,141,24.025
0,142,26.49
0,143,26.921
0,144,22.94
0,145,23.497
0,146,28.682
0,147,27.819
0,148,20.065
0,149,22.959
0,150,26.552
0,151,21.426
0,152,23.183
0,153,29.335
0,154,28.697
0,155,23.824
0,156,23.02
0,157,22.942
0,158,20.636
0,159,21.446
0,160,25.538
0,161,29.61
0,162,21.86
0,163,29.68
0,164,23.261
0,165,26.571
0,166,24.573
0,167,23.094
0,168,25.482
0,169,29.933
0,170,26.778
0,171,22.65
0,172,21.81
0,173,23.758
0,174,28.476
0,175,29.18
0,176,28.43
0,177,27.565
0,178,22.748
0,179,26.968
0,180,22.921
0,181,21.129
0,182,20.88
0,183,29.552
0,184,28.999
0,185,21.362
0,186,25.669
0,187,22.34
0,188,24.235
0,189,25.169
0,190,29.91
0,191,25.138
0,192,26.454
0,193,26.275
0,194,21.049
0,195,27.589
0,196,29.813
0,197,25.781
0,198,20.323
0,199,25.728
0,200,27.43
0,201,21.456
0,202,27.952
0,203,29.325
0,204,26.562
0,205,24.694
0,206,29.55
0,207,20.423
0,208,28.603
0,209,26.578
0,210,22.207
0,211,28.285
0,212,28.253
0,213,21.861
0,214,22.155
0,215,21.992
0,216,22.682
0,217,22.486
0,218,29.48
0,219,26.21
0,220,27.218
0,221,27.548
0,222,24.03
0,223,28.34
0,224,22.815
0,225,25.698
0,226,27.919
0,227,21.069
0,228,27.6
0,229,27.333
0,230,27.378
0,231,21.328
0,232,24.736
0,233,27.346
0,234,24.14
0,235,26.145
0,236,26.897
0,237,21.932
0,238,28.19
0,239,28.386
0,240,25.14
0,241,27.796
0,242,28.007
0,243,25.928
0,244,23.412
0,245,26.717
0,246,20.829
0,247,25.345
0,248,28.906
0,249,26.799
0,250,20.957
0,251,24.358
0,252,20.947
0,253,22.094
0,254,21.111
0,255,26.328
1,0,29.667
1,1,28.409
1,2,23.888
1,3,20.487
1,4,22.973
1,5,21.144
1,6,22.79
1,7,26.914
1,8,28.292
1,9,23.161
1,10,25.971
1,11,25.202
1,12,25.979
1,13,29.476
1,14,21.051
1,15,21.199
1,16,29.859
1,17,21.253
1,18,22.279
1,19,27.582
1,20,28.182
1,21,29.264
1,22,26.842
1,23,21.284
1,24,20.403
1,25,21.464
1,26,20.588
1,27,29.953
1,28,27.901
1,29,20.216
1,30,29.76
1,31,22.5
1,32,25.5
1,33,21.055
1,34,29.93
1,35,23.516
1,36,21.032
1,37,21.973
1,38,22.194
1,39,29.777
1,40,22.249
1,41,24.755
1,42,25.317
1,43,20.539
1,44,27.558
1,45,28.108
1,46,28.608
1,47,26.338
1,48,28.563
1,49,23.067
1,50,22.066
1,51,24.765
1,52,24.396
1,53,21.815
1,54,28.521
1,55,21.683
1,56,29.295
1,57,29.802
1,58,28.64
1,59,27.28
1,60,29.752
1,61,25.693
1,62,25.287
1,63,20.031
1,64,29.821
1,65,27.505
1,66,21.071
1,67,29.875
1,68,27.672
1,69,22.062
1,70,26.765
1,71,22.737
1,72,27.286
1,73,29.417
1,74,28.373
1,75,26.886
1,76,26.447
1,77,20.129
1,78,21.161
1,79,24.466
1,80,21.111
1,81,28.173
1,82,25.472
1,83,24.653
1,84,156.802
1,85,29.919
1,86,26.98
1,87,24.638
1,88,26.741
1,89,25.428
1,90,23.265
1,91,25.891
1,92,25.897
1,93,22.807
1,94,24.695
1,95,21.126
1,96,21.813
1,97,28.666
1,98,25.118
1,99,23.79
1,100,22.482
1,101,24.4
1,102,27.626
1,103,25.73
1,104,27.97
1,105,27.999
1,106,29.921
1,107,28.299
1,108,20.092
1,109,27.346
1,110,23.298
1,111,20.463
1,112,23.662
1,113,26.975
1,114,20.528
1,115,28.694
1,116,25.833
1,117,27.997
1,118,26.498
1,119,29.167
1,120,28.904
1,121,27.824
1,122,29.196
1,123,21.406
1,124,22.065
1,125,29.955
1,126,29.502
1,127,20.443
1,128,23.062
1,129,23.227
1,130,21.758
1,131,23.488
1,132,22.22
1,133,23.842
1,134,26.782
1,135,28.594
1,136,27.603
1,137,20.635
1,138,22.985
1,139,23.474
1,140,25.929
1,141,26.76
1,142,27.407
1,143,24.302
1,144,22.543
1,145,29.175
1,146,24.59
1,147,26.765
1,148,27.411
1,149,29.863
1,150,27.507
1,151,21.726
1,152,20.558
1,153,21.051
1,154,21.722
1,155,21.973
1,156,24.495
1,157,22.063
1,158,29.97
1,159,20.107
1,160,21.82
1,161,26.6
1,162,25.452
1,163,29.205
1,164,25.981
1,165,23.741
1,166,23.824
1,167,29.475
1,168,23.073
1,169,21.263
1,170,27.288
1,171,24.397
1,172,23.666
1,173,23.772
1,174,26.397
1,175,22.017
1,176,21.365
1,177,25.539
1,178,22.238
1,179,26.899
1,180,28.58
1,181,27.938
1,182,22.774
1,183,22.527
1,184,27.878
1,185,23.294
1,186,22.103
1,187,27.642
1,188,28.846
1,189,24.176
1,190,21.524
1,191,20.971
1,192,27.717
1,193,20.71
1,194,25.759
1,195,22.8
1,196,24.638
1,197,25.024
1,198,23.943
1,199,21.625
1,200,22.563
1,201,26.292
1,202,24.319
1,203,25.673
1,204,26.713
1,205,29.544
1,206,21.482
1,207,26.266
1,208,20.129
1,209,20.082
1,210,23.199
1,211,28.03
1,212,20.072
1,213,29.922
1,214,21.538
1,215,28.035
1,216,29.21
1,217,28.655
1,218,27.387
1,219,28.35
1,220,24.093
1,221,25.751
1,222,26.393
1,223,22.127
1,224,29.899
1,225,27.989
1,226,27.314
1,227,20.772
1,228,24.728
1,229,20.831
1,230,22.866
1,231,23.779
1,232,22.503
1,233,21.323
1,234,27.593
1,235,28.505
1,236,26.491
1,237,21.042
1,238,25.024
1,239,29.046
1,240,28.38
1,241,29.285
1,242,23.405
1,243,24.891
1,244,27.567
1,245,28.337
1,246,20.956
1,247,27.279
1,248,22.501
1,249,20.076
1,250,20.796
1,251,27.182
1,252,28.655
1,253,20.249
1,254,23.6
1,255,29.072
2,0,21.871
2,1,25.9
2,2,25.488
2,3,26.711
2,4,20.753
2,5,28.562
2,6,28.037
2,7,24.252
2,8,28.651
2,9,29.946
2,10,27.399
2,11,24.417
2,12,26.246
2,13,24.307
2,14,24.993
2,15,27.671
2,16,20.722
2,17,26.35
2,18,21.576
2,19,24.695
2,20,22.485
2,21,26.492
2,22,28.05
2,23,20.728
2,24,22.428
2,25,24.408
2,26,21.733
2,27,23.473
2,28,20.754
2,29,28.482
2,30,29.668
2,31,26.614
2,32,23.146
2,33,20.594
2,34,27.991
2,35,22.137
2,36,24.878
2,37,23.691
2,38,24.425
2,39,20.909
2,40,23.378
2,41,28.397
2,42,28.763
2,43,21.872
2,44,27.803
2,45,22.448
2,46,20.49
2,47,21.142
2,48,20.954
2,49,24.801
2,50,28.899
2,51,25.407
2,52,23.715
2,53,22.356
2,54,20.146
2,55,23.106
2,56,20.317
2,57,22.74
2,58,26.726
2,59,29.615
2,60,29.326
2,61,21.246
2,62,24.176
2,63,28.953
2,64,20.587
2,65,28.611
2,66,27.574
2,67,24.194
2,68,27.124
2,69,24.854
2,70,158.291
2,71,21.216
2,72,24.349
2,73,27.805
2,74,29.672
2,75,28.76
2,76,25.264
2,77,28.104
2,78,23.121
2,79,22.165
2,80,27.412
2,81,28.888
2,82,29.261
2,83,22.802
2,84,26.552
2,85,28.235
2,86,24.069
2,87,22.303
2,88,25.996
2,89,27.59
2,90,24.292
2,91,25.193
2,92,26.391
2,93,20.6
2,94,26.892
2,95,27.248
2,96,29.052
2,97,23.113
2,98,22.318
2,99,20.47
2,100,29.799
2,101,24.809
2,102,29.058
2,103,21.294
2,104,21.558
2,105,21.374
2,106,20.252
2,107,27.477
2,108,21.044
2,109,21.512
2,110,25.282
2,111,26.545
2,112,21.027
2,113,29.379
2,114,21.624
2,115,20.018
2,116,26.097
2,117,21.501
2,118,26.123
2,119,25.588
2,120,27.287
2,121,22.444
2,122,29.855
2,123,25.249
2,124,29.398
2,125,21.602
2,126,21.015
2,127,28.753
2,128,28.878
2,129,23.333
2,130,24.503
2,131,26.2
2,132,24.676
2,133,28.032
2,134,20.683
2,135,24.472
2,136,20.38
2,137,22.036
2,138,27.824
2,139,22.23
2,140,28.302
2,141,28.125
2,142,24.755
2,143,21.327
2,144,27.692
2,145,28.919
2,146,24.59
2,147,28.671
2,148,22.294
2,149,26.213
2,150,28.292
2,151,26.827
2,152,22.899
2,153,29.714
2,154,22.426
2,155,24.222
2,156,24.071
2,157,20.175
2,158,22.538
2,159,24.935
2,160,21.397
2,161,20.48
2,162,25.059
2,163,25.553
2,164,25.474
2,165,24.822
2,166,24.978
2,167,21.411
2,168,21.69
2,169,20.668
2,170,24.007
2,171,24.791
2,172,23.548
2,173,26.836
2,174,25.441
2,175,28.536
2,176,20.135
2,177,23.113
2,178,24.323
2,179,26.639
2,180,26.176
2,181,21.742
2,182,25.097
2,183,20.381
2,184,20.211
2,185,21.24
2,186,29.933
2,187,27.19
2,188,27.191
2,189,20.447
2,190,25.963
2,191,26.494
2,192,25.748
2,193,29.046
2,194,23.699
2,195,28.042
2,196,29.173
2,197,22.63
2,198,21.285
2,199,20.231
2,200,21.174
2,201,26.638
2,202,26.896
2,203,23.632
2,204,28.503
2,205,24.299
2,206,25.701
2,207,27.159
2,208,22.628
2,209,21.942
2,210,22.474
2,211,27.883
2,212,21.588
2,213,27.517
2,214,25.492
2,215,26.051
2,216,29.223
2,217,21.511
2,218,23.611
2,219,23.335
2,220,28.153
2,221,27.614
2,222,21.369
2,223,28.702
2,224,23.331
2,225,26.485
2,226,21.398
2,227,23.029
2,228,28.672
2,229,25.642
2,230,22.797
2,231,25.687
2,232,22.37
2,233,25.819
2,234,21.776
2,235,24.681
2,236,22.824
2,237,28.955
2,238,29.516
2,239,21.613
2,240,23.948
2,241,21.432
2,242,20.78
2,243,28.404
2,244,23.161
2,245,20.439
2,246,25.05
2,247,23.45
2,248,27.755
2,249,21.625
2,250,21.129
2,251,20.517
2,252,25.666
2,253,23.0
2,254,23.22
2,255,21.572
3,0,26.784
3,1,24.455
3,2,27.692
3,3,23.577
3,4,29.365
3,5,24.073
3,6,28.318
3,7,25.579
3,8,22.209
3,9,23.882
3,10,26.769
3,11,22.713
3,12,21.932
3,13,20.78
3,14,20.241
3,15,22.353
3,16,20.26
3,17,23.73
3,18,20.883
3,19,22.81
3,20,20.0
3,21,28.385
3,22,21.283
3,23,28.057
3,24,26.553
3,25,23.415
3,26,23.836
3,27,27.069
3,28,24.652
3,29,25.76
3,30,29.642
3,31,23.12
3,32,25.764
3,33,24.805
3,34,24.105
3,35,28.182
3,36,26.98
3,37,26.829
3,38,23.836
3,39,27.442
3,40,25.754
3,41,21.854
3,42,22.785
3,43,27.137
3,44,26.644
3,45,24.822
3,46,21.725
3,47,21.036
3,48,28.382
3,49,24.485
3,50,22.681
3,51,22.492
3,52,25.575
3,53,20.798
3,54,22.443
3,55,24.749
3,56,24.403
3,57,25.813
3,58,27.168
3,59,24.299
3,60,22.719
3,61,20.693
3,62,23.581
3,63,29.685
3,64,27.447
3,65,25.799
3,66,28.712
3,67,26.561
3,68,20.275
3,69,25.898
3,70,24.852
3,71,22.024
3,72,26.548
3,73,28.644
3,74,21.063
3,75,28.538
3,76,27.58
3,77,20.971
3,78,24.83
3,79,25.833
3,80,27.462
3,81,22.011
3,82,26.627
3,83,26.897
3,84,29.04
3,85,24.709
3,86,24.679
3,87,25.086
3,88,22.6
3,89,21.989
3,90,22.515
3,91,28.156
3,92,26.315
3,93,23.502
3,94,21.035
3,95,21.523
3,96,26.384
3,97,22.953
3,98,24.526
3,99,28.72
3,100,24.202
3,101,29.125
3,102,27.541
3,103,27.647
3,104,21.454
3,105,29.196
3,106,23.927
3,107,22.721
3,108,28.098
3,109,25.577
3,110,27.892
3,111,29.629
3,112,22.15
3,113,23.22
3,114,22.744
3,115,24.309
3,116,27.152
3,117,24.601
3,118,28.388
3,119,21.737
3,120,27.198
3,121,28.43
3,122,24.418
3,123,163.891
3,124,29.639
3,125,20.526
3,126,23.506
3,127,28.488
3,128,29.216
3,129,23.035
3,130,27.677
3,131,21.407
3,132,26.687
3,133,29.357
3,134,22.623
3,135,27.616
3,136,25.46
3,137,27.065
3,138,22.603
3,139,28.624
3,140,22.189
3,141,22.367
3,142,22.366
3,143,25.395
3,144,20.684
3,145,23.055
3,146,26.042
3,147,26.714
3,148,27.122
3,149,21.781
3,150,20.981
3,151,26.976
3,152,26.149
3,153,20.673
3,154,27.42
3,155,26.116
3,156,20.493
3,157,21.031
3,158,24.008
3,159,21.113
3,160,21.447
3,161,26.944
3,162,27.193
3,163,26.907
3,164,26.713
3,165,28.526
3,166,29.427
3,167,25.232
3,168,20.079
3,169,29.315
3,170,24.526
3,171,27.415
3,172,22.116
3,173,28.579
3,174,29.47
3,175,20.758
3,176,24.973
3,177,23.983
3,178,21.143
3,179,22.516
3,180,22.226
3,181,24.952
3,182,25.171
3,183,20.95
3,184,20.56
3,185,20.734
3,186,27.072
3,187,23.266
3,188,28.577
3,189,20.358
3,190,20.323
3,191,23.933
3,192,23.233
3,193,24.66
3,194,28.863
3,195,28.145
3,196,28.754
3,197,25.432
3,198,28.011
3,199,25.49
3,200,22.218
3,201,29.031
3,202,26.598
3,203,27.296
3,204,25.17
3,205,20.15
3,206,22.65
3,207,23.268
3,208,24.23
3,209,24.152
3,210,22.48
3,211,27.885
3,212,23.349
3,213,28.718
3,214,21.62
3,215,27.59
3,216,21.644
3,217,25.664
3,218,23.544
3,219,28.486
3,220,21.622
3,221,25.362
3,222,23.519
3,223,20.636
3,224,29.654
3,225,29.857
3,226,21.634
3,227,29.653
3,228,22.507
3,229,23.087
3,230,26.843
3,231,21.213
3,232,25.441
3,233,24.531
3,234,21.879
3,235,23.582
3,236,20.515
3,237,26.924
3,238,29.681
3,239,20.49
3,240,27.117
3,241,24.211
3,242,21.387
3,243,29.481
3,244,25.322
3,245,29.99
3,246,22.118
3,247,23.545
3,248,26.61
3,249,22.103
3,250,22.014
3,251,28.191
3,252,20.628
3,253,24.374
3,254,28.829
3,255,26.731
4,0,25.971
4,1,20.419
4,2,27.238
4,3,20.88
4,4,22.903
4,5,29.115
4,6,27.21
4,7,23.991
4,8,24.154
4,9,22.358
4,10,21.422
4,11,23.044
4,12,27.09
4,13,23.265
4,14,21.861
4,15,22.317
4,16,25.549
4,17,24.472
4,18,25.826
4,19,26.463
4,20,27.882
4,21,24.796
4,22,21.549
4,23,23.011
4,24,29.414
4,25,28.765
4,26,23.998
4,27,24.24
4,28,29.266
4,29,23.41
4,30,28.213
4,31,21.672
4,32,26.784
4,33,26.654
4,34,21.698
4,35,21.928
4,36,29.627
4,37,21.507
4,38,22.743
4,39,25.747
4,40,24.342
4,41,29.403
4,42,20.279
4,43,23.113
4,44,24.354
4,45,22.331
4,46,28.171
4,47,28.84
4,48,25.66
4,49,20.908
4,50,23.574
4,51,26.304
4,52,23.401
4,53,27.721
4,54,25.919
4,55,29.194
4,56,24.784
4,57,22.548
4,58,25.195
4,59,20.574
4,60,22.408
4,61,29.124
4,62,23.291
4,63,23.375
4,64,28.177
4,65,23.724
4,66,23.723
4,67,28.703
4,68,24.714
4,69,25.623
4,70,24.173
4,71,27.172
4,72,27.289
4,73,24.466
4,74,28.582
4,75,23.921
4,76,26.676
4,77,26.43
4,78,22.379
4,79,26.043
4,80,29.486
4,81,27.977
4,82,23.221
4,83,28.958
4,84,25.839
4,85,23.574
4,86,25.829
4,87,21.248
4,88,29.839
4,89,29.506
4,90,23.12
4,91,28.239
4,92,20.866
4,93,26.299
4,94,22.361
4,95,29.674
4,96,20.082
4,97,20.546
4,98,28.11
4,99,150.393
4,100,21.432
4,101,23.15
4,102,21.356
4,103,25.516
4,104,26.396
4,105,25.404
4,106,29.591
4,107,29.899
4,108,27.202
4,109,22.47
4,110,25.65
4,111,20.321
4,112,22.298
4,113,26.082
4,114,27.743
4,115,25.518
4,116,23.539
4,117,26.607
4,118,26.875
4,119,23.702
4,120,26.148
4,121,29.309
4,122,28.986
4,123,20.707
4,124,29.892
4,125,24.333
4,126,21.388
4,127,24.058
4,128,22.082
4,129,28.089
4,130,29.413
4,131,22.728
4,132,29.952
4,133,29.545
4,134,26.521
4,135,23.308
4,136,29.684
4,137,25.236
4,138,28.959
4,139,22.082
4,140,28.918
4,141,21.984
4,142,27.199
4,143,23.105
4,144,23.214
4,145,23.607
4,146,23.308
4,147,22.366
4,148,24.132
4,149,28.127
4,150,29.139
4,151,25.193
4,152,25.769
4,153,23.633
4,154,24.142
4,155,22.179
4,156,21.168
4,157,27.234
4,158,28.783
4,159,24.498
4,160,24.683
4,161,29.116
4,162,22.389
4,163,23.936
4,164,23.871
4,165,23.705
4,166,22.712
4,167,25.789
4,168,24.727
4,169,25.596
4,170,22.618
4,171,26.413
4,172,23.526
4,173,21.28
4,174,24.566
4,175,29.432
4,176,24.628
4,177,23.561
4,178,29.865
4,179,27.992
4,180,29.715
4,181,25.268
4,182,28.262
4,183,27.544
4,184,23.117
4,185,21.867
4,186,29.103
4,187,27.168
4,188,22.356
4,189,28.428
4,190,28.717
4,191,28.371
4,192,23.96
4,193,23.203
4,194,24.075
4,195,20.013
4,196,29.339
4,197,24.987
4,198,22.175
4,199,29.484
4,200,23.915
4,201,29.563
4,202,28.023
4,203,23.534
4,204,23.6
4,205,26.776
4,206,28.615
4,207,23.913
4,208,20.837
4,209,27.225
4,210,24.555
4,211,25.452
4,212,26.594
4,213,29.608
4,214,21.846
4,215,26.965
4,216,25.79
4,217,25.381
4,218,29.825
4,219,20.294
4,220,26.586
4,221,25.198
4,222,25.449
4,223,29.126
4,224,21.883
4,225,24.404
4,226,28.604
4,227,23.73
4,228,23.462
4,229,26.022
4,230,25.967
4,231,28.826
4,232,20.815
4,233,22.985
4,234,27.446
4,235,22.96
4,236,29.507
4,237,27.273
4,238,22.333
4,239,25.641
4,240,29.146
4,241,20.976
4,242,29.549
4,243,20.846
4,244,27.848
4,245,24.406
4,246,23.471
4,247,28.531
4,248,29.369
4,249,21.601
4,250,24.668
4,251,29.074
4,252,24.665
4,253,25.051
4,254,26.82
4,255,20.521
5,0,24.107
5,1,26.541
5,2,24.872
5,3,23.094
5,4,28.425
5,5,23.219
5,6,27.097
5,7,22.843
5,8,26.679
5,9,26.436
5,10,25.751
5,11,20.59
5,12,21.794
5,13,22.638
5,14,25.574
5,15,28.586
5,16,29.098
5,17,21.46
5,18,27.308
5,19,21.46
5,20,22.948
5,21,25.253
5,22,21.982
5,23,25.928
5,24,27.997
5,25,28.169
5,26,20.716
5,27,20.414
5,28,22.105
5,29,29.447
5,30,27.734
5,31,28.008
5,32,25.375
5,33,27.861
5,34,22.307
5,35,28.643
5,36,29.57
5,37,27.005
5,38,28.042
5,39,27.639
5,40,29.596
5,41,20.911
5,42,28.606
5,43,22.456
5,44,22.365
5,45,29.673
5,46,26.395
5,47,27.093
5,48,25.919
5,49,22.708
5,50,24.98
5,51,27.639
5,52,29.755
5,53,20.39
5,54,24.456
5,55,22.438
5,56,25.4
5,57,27.372
5,58,23.098
5,59,20.847
5,60,27.87
5,61,28.37
5,62,24.672
5,63,27.46
5,64,29.66
5,65,29.115
5,66,29.014
5,67,24.725
5,68,27.328
5,69,29.026
5,70,22.366
5,71,20.267
5,72,29.185
5,73,23.163
5,74,20.448
5,75,25.329
5,76,27.387
5,77,23.015
5,78,23.881
5,79,29.161
5,80,28.667
5,81,27.981
5,82,26.34
5,83,23.642
5,84,21.18
5,85,22.212
5,86,24.259
5,87,26.569
5,88,24.637
5,89,23.634
5,90,20.624
5,91,24.064
5,92,24.709
5,93,29.482
5,94,29.635
5,95,29.718
5,96,29.345
5,97,23.119
5,98,25.325
5,99,23.51
5,100,27.347
5,101,27.616
5,102,23.736
5,103,28.208
5,104,29.994
5,105,20.053
5,106,22.186
5,107,25.317
5,108,28.238
5,109,28.265
5,110,29.757
5,111,24.694
5,112,163.604
5,113,24.539
5,114,28.142
5,115,24.362
5,116,25.224
5,117,24.885
5,118,29.61
5,119,26.628
5,120,27.133
5,121,26.952
5,122,26.23
5,123,24.808
5,124,24.853
5,125,20.411
5,126,26.178
5,127,25.053
5,128,28.932
5,129,26.866
5,130,23.031
5,131,22.456
5,132,22.864
5,133,20.623
5,134,22.644
5,135,25.791
5,136,28.069
5,137,25.587
5,138,21.914
5,139,24.794
5,140,29.609
5,141,28.26
5,142,28.99
5,143,23.921
5,144,25.606
5,145,28.493
5,146,25.959
5,147,26.963
5,148,23.568
5,149,26.047
5,150,20.499
5,151,25.34
5,152,20.586
5,153,27.85
5,154,25.657
5,155,27.735
5,156,26.886
5,157,25.201
5,158,25.0
5,159,25.606
5,160,23.866
5,161,25.617
5,162,25.363
5,163,23.826
5,164,23.648
5,165,25.435
5,166,26.506
5,167,21.062
5,168,26.391
5,169,27.257
5,170,27.336
5,171,21.607
5,172,26.814
5,173,29.331
5,174,24.058
5,175,27.259
5,176,27.869
5,177,22.307
5,178,21.282
5,179,21.694
5,180,20.2
5,181,28.838
5,182,29.089
5,183,25.382
5,184,25.454
5,185,28.151
5,186,23.042
5,187,21.788
5,188,25.849
5,189,27.784
5,190,25.222
5,191,28.988
5,192,25.993
5,193,20.828
5,194,28.873
5,195,21.708
5,196,21.634
5,197,20.875
5,198,22.116
5,199,24.737
5,200,20.999
5,201,27.598
5,202,22.36
5,203,27.446
5,204,25.602
5,205,21.535
5,206,29.502
5,207,22.866
5,208,21.025
5,209,25.239
5,210,26.839
5,211,27.141
5,212,22.824
5,213,28.9
5,214,28.194
5,215,24.3
5,216,27.334
5,217,25.578
5,218,26.773
5,219,24.819
5,220,25.847
5,221,23.678
5,222,22.101
5,223,25.223
5,224,26.087
5,225,21.0
5,226,25.51
5,227,28.616
5,228,28.641
5,229,23.799
5,230,28.183
5,231,26.749
5,232,29.071
5,233,25.323
5,234,21.648
5,235,21.956
5,236,27.343
5,237,29.529
5,238,28.66
5,239,23.234
5,240,20.619
5,241,21.252
5,242,23.557
5,243,29.212
5,244,29.743
5,245,21.215
5,246,23.907
5,247,29.37
5,248,26.664
5,249,29.118
5,250,25.531
5,251,28.483
5,252,21.02
5,253,25.98
5,254,20.59
5,255,22.155
6,0,21.14
6,1,28.557
6,2,21.358
6,3,22.35
6,4,25.669
6,5,29.937
6,6,25.724
6,7,27.152
6,8,20.057
6,9,28.8
6,10,21.618
6,11,20.557
6,12,29.748
6,13,21.416
6,14,27.912
6,15,29.808
6,16,27.209
6,17,20.92
6,18,20.464
6,19,23.935
6,20,22.596
6,21,28.609
6,22,25.925
6,23,29.556
6,24,25.112
6,25,25.546
6,26,29.941
6,27,22.473
6,28,25.625
6,29,22.599
6,30,26.494
6,31,24.699
6,32,22.257
6,33,28.388
6,34,21.664
6,35,25.898
6,36,22.204
6,37,28.589
6,38,28.194
6,39,23.558
6,40,28.39
6,41,26.697
6,42,20.567
6,43,28.644
6,44,23.458
6,45,28.756
6,46,28.376
6,47,27.789
6,48,23.781
6,49,22.356
6,50,22.193
6,51,29.76
6,52,24.743
6,53,22.914
6,54,28.042
6,55,24.427
6,56,23.844
6,57,24.754
6,58,28.391
6,59,26.41
6,60,29.367
6,61,21.33
6,62,29.734
6,63,29.059
6,64,27.018
6,65,26.173
6,66,21.104
6,67,23.151
6,68,27.958
6,69,20.862
6,70,23.77
6,71,27.227
6,72,24.423
6,73,22.458
6,74,24.403
6,75,23.876
6,76,25.091
6,77,24.028
6,78,21.998
6,79,25.805
6,80,26.895
6,81,26.746
6,82,29.325
6,83,24.986
6,84,20.068
6,85,24.584
6,86,27.833
6,87,29.86
6,88,23.567
6,89,23.866
6,90,20.25
6,91,20.224
6,92,28.409
6,93,25.617
6,94,24.014
6,95,25.888
6,96,26.058
6,97,25.369
6,98,22.59
6,99,21.854
6,100,29.231
6,101,21.002
6,102,24.716
6,103,21.05
6,104,23.01
6,105,23.949
6,106,23.017
6,107,23.056
6,108,21.509
6,109,25.687
6,110,22.834
6,111,29.943
6,112,23.882
6,113,21.439
6,114,20.281
6,115,21.913
6,116,25.73
6,117,158.011
6,118,26.478
6,119,22.399
6,120,20.809
6,121,29.421
6,122,22.808
6,123,25.291
6,124,23.549
6,125,28.243
6,126,28.731
6,127,28.661
6,128,20.883
6,129,26.028
6,130,28.933
6,131,20.127
6,132,28.419
6,133,20.359
6,134,29.823
6,135,24.086
6,136,24.751
6,137,20.43
6,138,27.425
6,139,27.623
6,140,21.69
6,141,28.644
6,142,26.083
6,143,20.41
6,144,21.718
6,145,21.873
6,146,24.534
6,147,24.427
6,148,24.611
6,149,23.255
6,150,22.648
6,151,22.482
6,152,23.837
6,153,26.264
6,154,26.797
6,155,29.265
6,156,20.327
6,157,25.975
6,158,27.259
6,159,26.701
6,160,27.493
6,161,20.679
6,162,27.013
6,163,27.408
6,164,28.091
6,165,20.6
6,166,28.073
6,167,24.089
6,168,22.086
6,169,27.905
6,170,21.006
6,171,26.401
6,172,21.424
6,173,24.871
6,174,26.348
6,175,22.433
6,176,29.214
6,177,21.85
6,178,20.866
6,179,26.588
6,180,21.233
6,181,28.241
6,182,26.967
6,183,23.238
6,184,23.927
6,185,22.822
6,186,24.816
6,187,20.472
6,188,22.972
6,189,26.902
6,190,21.383
6,191,21.846
6,192,25.252
6,193,20.88
6,194,25.93
6,195,24.198
6,196,21.001
6,197,22.777
6,198,26.378
6,199,27.344
6,200,22.896
6,201,29.845
6,202,20.204
6,203,28.81
6,204,25.326
6,205,24.627
6,206,22.879
6,207,25.035
6,208,24.546
6,209,21.945
6,210,27.692
6,211,23.014
6,212,25.945
6,213,26.376
6,214,23.394
6,215,28.127
6,216,28.38
6,217,24.137
6,218,22.587
6,219,25.198
6,220,25.743
6,221,22.889
6,222,26.099
6,223,28.092
6,224,20.403
6,225,23.365
6,226,20.777
6,227,29.175
6,228,29.758
6,229,21.533
6,230,25.253
6,231,23.072
6,232,23.287
6,233,23.187
6,234,28.101
6,235,20.851
6,236,21.257
6,237,20.884
6,238,26.763
6,239,29.871
6,240,24.461
6,241,25.989
6,242,23.455
6,243,22.111
6,244,24.447
6,245,29.437
6,246,29.574
6,247,25.468
6,248,27.907
6,249,26.479
6,250,20.421
6,251,28.641
6,252,23.037
6,253,26.287
6,254,24.653
6,255,21.456
7,0,21.093
7,1,26.75
7,2,26.664
7,3,25.642
7,4,29.017
7,5,22.513
7,6,24.48
7,7,29.186
7,8,28.145
7,9,24.525
7,10,21.562
7,11,20.861
7,12,28.844
7,13,24.621
7,14,24.655
7,15,26.511
7,16,21.227
7,17,28.028
7,18,24.19
7,19,24.991
7,20,24.232
7,21,21.218
7,22,25.518
7,23,25.541
7,24,25.144
7,25,25.584
7,26,24.765
7,27,28.952
7,28,26.562
7,29,27.107
7,30,26.67
7,31,23.017
7,32,24.735
7,33,23.027
7,34,20.754
7,35,22.011
7,36,23.034
7,37,21.198
7,38,26.553
7,39,21.756
7,40,20.561
7,41,22.572
7,42,25.594
7,43,27.86
7,44,27.263
7,45,22.311
7,46,28.682
7,47,24.029
7,48,25.101
7,49,24.932
7,50,27.219
7,51,27.208
7,52,29.623
7,53,24.253
7,54,24.965
7,55,22.903
7,56,27.063
7,57,25.839
7,58,22.127
7,59,20.389
7,60,26.17
7,61,23.613
7,62,26.635
7,63,22.028
7,64,24.88
7,65,29.912
7,66,21.478
7,67,20.018
7,68,25.72
7,69,22.153
7,70,20.41
7,71,28.341
7,72,29.206
7,73,26.303
7,74,25.514
7,75,24.645
7,76,24.708
7,77,21.554
7,78,24.791
7,79,26.593
7,80,27.47
7,81,20.033
7,82,26.279
7,83,29.515
7,84,27.93
7,85,25.667
7,86,26.533
7,87,29.663
7,88,25.641
7,89,29.325
7,90,22.675
7,91,24.024
7,92,26.704
7,93,29.505
7,94,28.599
7,95,158.428
7,96,25.469
7,97,28.849
7,98,22.397
7,99,25.475
7,100,23.187
7,101,26.374
7,102,24.966
7,103,22.852
7,104,27.857
7,105,29.463
7,106,28.02
7,107,20.439
7,108,21.193
7,109,27.994
7,110,26.329
7,111,22.135
7,112,23.725
7,113,28.816
7,114,28.3
7,115,23.09
7,116,23.23
7,117,23.142
7,118,20.312
7,119,29.87
7,120,26.795
7,121,20.02
7,122,26.648
7,123,26.442
7,124,24.545
7,125,26.298
7,126,24.543
7,127,29.994
7,128,22.453
7,129,23.799
7,130,25.719
7,131,20.168
7,132,28.06
7,133,24.646
7,134,22.079
7,135,28.159
7,136,20.279
7,137,29.676
7,138,29.58
7,139,26.986
7,140,20.195
7,141,21.307
7,142,20.606
7,143,20.809
7,144,26.114
7,145,23.737
7,146,25.417
7,147,29.797
7,148,27.573
7,149,20.58
7,150,25.431
7,151,22.905
7,152,29.545
7,153,28.359
7,154,21.871
7,155,25.328
7,156,27.504
7,157,24.415
7,158,26.922
7,159,23.971
7,160,26.767
7,161,23.163
7,162,23.139
7,163,29.385
7,164,24.69
7,165,21.985
7,166,26.612
7,167,22.825
7,168,22.84
7,169,26.999
7,170,26.128
7,171,26.056
7,172,23.692
7,173,28.636
7,174,23.896
7,175,21.128
7,176,20.598
7,177,27.829
7,178,21.14
7,179,29.736
7,180,26.788
7,181,28.063
7,182,29.063
7,183,20.645
7,184,26.502
7,185,22.381
7,186,27.12
7,187,28.057
7,188,23.044
7,189,27.041
7,190,22.795
7,191,27.431
7,192,23.46
7,193,23.799
7,194,23.33
7,195,25.924
7,196,24.587
7,197,27.984
7,198,25.418
7,199,23.749
7,200,29.284
7,201,24.147
7,202,21.21
7,203,20.018
7,204,25.486
7,205,23.719
7,206,23.162
7,207,28.19
7,208,23.467
7,209,24.432
7,210,25.435
7,211,26.792
7,212,28.367
7,213,23.843
7,214,29.4
7,215,25.104
7,216,27.02
7,217,26.595
7,218,26.839
7,219,24.422
7,220,29.419
7,221,29.635
7,222,29.037
7,223,22.933
7,224,28.7
7,225,21.479
7,226,26.04
7,227,21.495
7,228,22.075
7,229,28.513
7,230,25.259
7,231,27.83
7,232,28.011
7,233,24.736
7,234,28.186
7,235,25.267
7,236,22.281
7,237,28.526
7,238,26.438
7,239,27.085
7,240,29.123
7,241,24.591
7,242,23.387
7,243,25.982
7,244,26.597
7,245,29.815
7,246,23.334
7,247,29.025
7,248,27.109
7,249,28.793
7,250,29.157
7,251,24.875
7,252,26.126
7,253,24.943
7,254,26.836
7,255,27.454
8,0,22.773
8,1,28.249
8,2,24.216
8,3,20.236
8,4,26.199
8,5,29.044
8,6,26.111
8,7,28.518
8,8,26.474
8,9,24.926
8,10,29.741
8,11,25.726
8,12,23.397
8,13,24.624
8,14,22.028
8,15,20.684
8,16,24.898
8,17,21.867
8,18,22.395
8,19,28.32
8,20,25.019
8,21,28.485
8,22,25.382
8,23,21.874
8,24,21.004
8,25,26.933
8,26,23.855
8,27,20.983
8,28,23.867
8,29,23.186
8,30,26.089
8,31,25.69
8,32,29.269
8,33,24.834
8,34,28.261
8,35,25.881
8,36,26.939
8,37,24.154
8,38,23.116
8,39,29.332
8,40,24.235
8,41,21.046
8,42,25.228
8,43,20.668
8,44,28.212
8,45,25.523
8,46,20.431
8,47,27.853
8,48,25.394
8,49,24.179
8,50,23.596
8,51,22.792
8,52,22.51
8,53,22.043
8,54,29.6
8,55,21.177
8,56,23.969
8,57,23.453
8,58,22.001
8,59,21.964
8,60,29.797
8,61,25.881
8,62,28.282
8,63,26.478
8,64,23.831
8,65,23.365
8,66,24.006
8,67,21.829
8,68,26.633
8,69,28.306
8,70,20.881
8,71,27.056
8,72,21.723
8,73,21.456
8,74,22.474
8,75,26.035
8,76,24.214
8,77,28.093
8,78,28.025
8,79,28.876
8,80,29.791
8,81,22.46
8,82,20.27
8,83,24.119
8,84,21.95
8,85,24.757
8,86,27.457
8,87,23.552
8,88,22.479
8,89,21.746
8,90,29.221
8,91,25.292
8,92,28.541
8,93,21.759
8,94,20.056
8,95,24.652
8,96,24.465
8,97,21.437
8,98,22.557
8,99,20.391
8,100,23.128
8,101,26.846
8,102,25.081
8,103,26.7
8,104,28.539
8,105,22.104
8,106,27.839
8,107,26.58
8,108,21.177
8,109,27.286
8,110,26.815
8,111,29.258
8,112,25.927
8,113,21.659
8,114,23.292
8,115,21.627
8,116,155.051
8,117,29.279
8,118,20.119
8,119,27.326
8,120,21.352
8,121,21.379
8,122,27.239
8,123,28.544
8,124,25.842
8,125,24.48
8,126,20.157
8,127,22.5
8,128,23.016
8,129,22.336
8,130,20.381
8,131,24.425
8,132,28.633
8,133,23.713
8,134,23.339
8,135,29.701
8,136,29.918
8,137,20.662
8,138,28.692
8,139,22.661
8,140,23.365
8,141,22.854
8,142,29.252
8,143,27.445
8,144,20.956
8,145,25.294
8,146,20.906
8,147,27.408
8,148,28.177
8,149,25.715
8,150,25.54
8,151,22.743
8,152,26.27
8,153,22.025
8,154,27.821
8,155,23.674
8,156,29.52
8,157,20.52
8,158,24.913
8,159,29.425
8,160,27.641
8,161,20.863
8,162,23.769
8,163,25.544
8,164,28.538
8,165,20.844
8,166,24.864
8,167,24.077
8,168,22.215
8,169,28.946
8,170,25.277
8,171,28.33
8,172,25.554
8,173,21.346
8,174,27.151
8,175,24.088
8,176,20.394
8,177,21.711
8,178,22.401
8,179,29.8
8,180,27.182
8,181,27.713
8,182,29.177
8,183,23.916
8,184,20.194
8,185,24.114
8,186,26.189
8,187,26.497
8,188,26.818
8,189,22.248
8,190,24.757
8,191,29.163
8,192,23.107
8,193,20.92
8,194,21.623
8,195,25.017
8,196,25.105
8,197,24.545
8,198,21.73
8,199,25.743
8,200,25.09
8,201,27.993
8,202,29.065
8,203,22.894
8,204,28.697
8,205,27.238
8,206,22.118
8,207,27.684
8,208,29.569
8,209,27.402
8,210,27.275
8,211,21.9
8,212,21.093
8,213,20.138
8,214,25.957
8,215,20.435
8,216,20.06
8,217,26.833
8,218,24.075
8,219,28.205
8,220,25.247
8,221,22.704
8,222,24.7
8,223,27.67
8,224,29.926
8,225,22.532
8,226,20.715
8,227,27.547
8,228,25.396
8,229,26.112
8,230,29.86
8,231,21.403
8,232,20.707
8,233,29.318
8,234,20.698
8,235,23.857
8,236,26.95
8,237,23.244
8,238,20.567
8,239,28.643
8,240,21.663
8,241,29.728
8,242,29.48
8,243,20.697
8,244,26.511
8,245,25.439
8,246,29.803
8,247,25.083
8,248,23.691
8,249,22.459
8,250,27.392
8,251,24.253
8,252,23.992
8,253,24.361
8,254,28.532
8,255,24.461
9,0,20.76
9,1,21.23
9,2,25.849
9,3,28.104
9,4,27.956
9,5,27.675
9,6,22.224
9,7,21.778
9,8,23.349
9,9,22.876
9,10,20.585
9,11,26.443
9,12,26.293
9,13,29.891
9,14,27.241
9,15,25.631
9,16,25.567
9,17,28.971
9,18,29.335
9,19,20.032
9,20,23.389
9,21,29.169
9,22,21.944
9,23,25.564
9,24,29.004
9,25,25.105
9,26,21.639
9,27,27.086
9,28,24.213
9,29,23.647
9,30,26.159
9,31,21.781
9,32,22.528
9,33,28.45
9,34,26.128
9,35,28.023
9,36,23.089
9,37,23.153
9,38,27.579
9,39,23.598
9,40,26.078
9,41,27.754
9,42,24.887
9,43,29.754
9,44,26.292
9,45,29.836
9,46,24.543
9,47,26.691
9,48,28.884
9,49,152.465
9,50,25.098
9,51,28.687
9,52,25.394
9,53,20.141
9,54,21.124
9,55,29.925
9,56,28.332
9,57,23.438
9,58,22.348
9,59,22.785
9,60,25.353
9,61,22.589
9,62,23.623
9,63,27.377
9,64,24.527
9,65,27.445
9,66,23.581
9,67,25.32
9,68,26.908
9,69,22.849
9,70,24.93
9,71,26.803
9,72,26.767
9,73,25.586
9,74,25.858
9,75,20.026
9,76,23.527
9,77,24.097
9,78,20.303
9,79,25.987
9,80,28.33
9,81,21.809
9,82,23.863
9,83,27.254
9,84,21.09
9,85,21.373
9,86,24.123
9,87,24.004
9,88,27.045
9,89,26.245
9,90,21.478
9,91,21.29
9,92,21.896
9,93,24.197
9,94,27.193
9,95,20.323
9,96,22.253
9,97,23.651
9,98,20.952
9,99,26.435
9,100,20.035
9,101,26.475
9,102,23.03
9,103,21.474
9,104,28.352
9,105,24.472
9,106,26.703
9,107,26.724
9,108,20.31
9,109,23.887
9,110,22.097
9,111,26.235
9,112,21.759
9,113,22.37
9,114,22.205
9,115,24.631
9,116,29.774
9,117,24.636
9,118,29.197
9,119,21.489
9,120,23.8
9,121,22.976
9,122,29.307
9,123,20.939
9,124,22.191
9,125,24.958
9,126,25.909
9,127,20.238
9,128,29.066
9,129,24.882
9,130,26.435
9,131,23.52
9,132,20.135
9,133,28.713
9,134,29.521
9,135,24.674
9,136,24.555
9,137,27.4
9,138,23.198
9,139,28.168
9,140,26.114
9,141,28.243
9,142,23.434
9,143,28.431
9,144,21.497
9,145,24.59
9,146,25.289
9,147,26.121
9,148,22.956
9,149,25.353
9,150,22.876
9,151,24.215
9,152,27.814
9,153,29.893
9,154,24.332
9,155,23.204
9,156,26.195
9,157,26.272
9,158,22.658
9,159,29.81
9,160,21.155
9,161,25.035
9,162,24.022
9,163,21.596
9,164,23.779
9,165,23.105
9,166,21.462
9,167,25.908
9,168,23.232
9,169,25.327
9,170,23.771
9,171,22.319
9,172,28.856
9,173,22.021
9,174,29.313
9,175,28.701
9,176,25.315
9,177,22.74
9,178,23.649
9,179,24.619
9,180,25.15
9,181,27.299
9,182,20.035
9,183,24.322
9,184,20.696
9,185,29.564
9,186,27.805
9,187,29.733
9,188,23.738
9,189,26.671
9,190,28.222
9,191,24.18
9,192,20.82
9,193,26.245
9,194,26.19
9,195,29.077
9,196,20.766
9,197,24.753
9,198,29.994
9,199,26.838
9,200,29.022
9,201,25.435
9,202,29.651
9,203,22.392
9,204,21.848
9,205,21.292
9,206,27.978
9,207,22.569
9,208,22.649
9,209,22.303
9,210,22.004
9,211,21.2
9,212,26.27
9,213,27.07
9,214,23.712
9,215,21.715
9,216,23.498
9,217,23.321
9,218,20.364
9,219,27.516
9,220,26.514
9,221,22.108
9,222,21.244
9,223,20.654
9,224,26.771
9,225,26.376
9,226,29.758
9,227,24.075
9,228,28.292
9,229,21.982
9,230,29.215
9,231,23.189
9,232,23.581
9,233,28.365
9,234,20.501
9,235,23.82
9,236,28.463
9,237,26.382
9,238,21.955
9,239,23.292
9,240,27.801
9,241,22.307
9,242,27.26
9,243,27.838
9,244,27.035
9,245,25.916
9,246,20.336
9,247,21.257
9,248,22.705
9,249,23.269
9,250,22.117
9,251,20.681
9,252,24.888
9,253,21.461
9,254,27.535
9,255,22.259
10,0,27.952
10,1,21.123
10,2,28.881
10,3,27.951
10,4,24.473
10,5,25.94
10,6,28.575
10,7,27.813
10,8,21.542
10,9,21.396
10,10,28.7
10,11,27.5
10,12,26.781
10,13,25.224
10,14,21.853
10,15,20.738
10,16,21.479
10,17,24.115
10,18,28.946
10,19,28.245
10,20,29.636
10,21,26.415
10,22,26.416
10,23,27.49
10,24,28.193
10,25,27.558
10,26,28.185
10,27,22.202
10,28,28.418
10,29,23.064
10,30,28.589
10,31,21.287
10,32,25.246
10,33,26.898
10,34,21.106
10,35,24.298
10,36,20.525
10,37,28.98
10,38,24.358
10,39,25.865
10,40,21.939
10,41,28.149
10,42,20.573
10,43,26.35
10,44,28.647
10,45,26.889
10,46,29.279
10,47,24.166
10,48,21.296
10,49,28.051
10,50,24.042
10,51,28.587
10,52,27.629
10,53,23.927
10,54,26.025
10,55,29.602
10,56,29.549
10,57,24.036
10,58,28.054
10,59,23.082
10,60,29.487
10,61,29.063
10,62,22.106
10,63,24.706
10,64,24.774
10,65,26.551
10,66,21.796
10,67,25.083
10,68,22.814
10,69,28.887
10,70,27.685
10,71,22.548
10,72,29.928
10,73,20.678
10,74,24.867
10,75,23.896
10,76,23.918
10,77,23.688
10,78,29.033
10,79,26.052
10,80,27.166
10,81,29.318
10,82,22.315
10,83,26.814
10,84,25.52
10,85,26.868
10,86,20.978
10,87,29.081
10,88,23.537
10,89,26.738
10,90,27.906
10,91,22.606
10,92,24.752
10,93,27.495
10,94,20.802
10,95,24.384
10,96,25.429
10,97,27.498
10,98,23.916
10,99,23.502
10,100,23.139
10,101,21.661
10,102,23.93
10,103,24.926
10,104,29.189
10,105,28.743
10,106,21.527
10,107,27.999
10,108,29.671
10,109,165.452
10,110,28.166
10,111,24.181
10,112,20.172
10,113,26.356
10,114,24.982
10,115,21.578
10,116,27.665
10,117,21.01
10,118,22.395
10,119,24.64
10,120,25.971
10,121,27.826
10,122,24.741
10,123,29.007
10,124,22.948
10,125,29.489
10,126,25.758
10,127,27.994
10,128,27.155
10,129,23.842
10,130,27.238
10,131,29.685
10,132,21.897
10,133,23.899
10,134,28.27
10,135,29.689
10,136,26.178
10,137,26.642
10,138,23.304
10,139,29.558
10,140,22.695
10,141,29.784
10,142,26.122
10,143,27.309
10,144,28.435
10,145,20.504
10,146,24.082
10,147,26.794
10,148,24.506
10,149,29.102
10,150,25.06
10,151,26.988
10,152,22.211
10,153,26.535
10,154,24.927
10,155,28.107
10,156,28.778
10,157,21.907
10,158,22.437
10,159,21.881
10,160,23.084
10,161,21.563
10,162,21.973
10,163,28.157
10,164,23.665
10,165,29.67
10,166,24.95
10,167,20.636
10,168,26.831
10,169,26.527
10,170,25.487
10,171,25.355
10,172,23.108
10,173,27.877
10,174,24.727
10,175,24.688
10,176,29.107
10,177,21.778
10,178,28.143
10,179,23.593
10,180,28.874
10,181,23.398
10,182,20.974
10,183,24.978
10,184,24.75
10,185,23.967
10,186,20.75
10,187,26.252
10,188,29.238
10,189,26.456
10,190,24.636
10,191,20.053
10,192,29.429
10,193,24.533
10,194,29.519
10,195,29.437
10,196,26.92
10,197,28.026
10,198,21.657
10,199,28.425
10,200,27.085
10,201,29.989
10,202,26.305
10,203,24.215
10,204,28.348
10,205,23.926
10,206,20.106
10,207,25.655
10,208,23.016
10,209,22.651
10,210,24.764
10,211,28.846
10,212,20.791
10,213,25.123
10,214,28.544
10,215,25.083
10,216,21.282
10,217,23.627
10,218,24.709
10,219,22.491
10,220,21.896
10,221,25.32
10,222,26.909
10,223,29.28
10,224,23.555
10,225,27.716
10,226,25.896
10,227,20.468
10,228,20.011
10,229,27.566
10,230,29.48
10,231,26.43
10,232,25.637
10,233,29.951
10,234,28.486
10,235,23.276
10,236,20.045
10,237,26.161
10,238,24.017
10,239,29.645
10,240,25.094
10,241,21.551
10,242,28.822
10,243,27.704
10,244,25.02
10,245,21.722
10,246,21.29
10,247,26.041
10,248,21.823
10,249,21.026
10,250,24.124
10,251,21.213
10,252,21.226
10,253,25.557
10,254,26.513
10,255,25.75
11,0,21.861
11,1,24.754
11,2,24.654
11,3,21.392
11,4,27.637
11,5,27.198
11,6,25.833
11,7,23.65
11,8,23.344
11,9,25.007
11,10,20.241
11,11,29.849
11,12,23.698
11,13,23.573
11,14,22.049
11,15,24.721
11,16,26.336
11,17,29.1
11,18,24.402
11,19,23.293
11,20,22.017
11,21,25.511
11,22,28.187
11,23,27.554
11,24,20.945
11,25,24.281
11,26,23.47
11,27,20.465
11,28,27.564
11,29,27.932
11,30,21.019
11,31,29.096
11,32,27.324
11,33,22.153
11,34,21.734
11,35,27.577
11,36,26.858
11,37,24.933
11,38,26.044
11,39,29.057
11,40,28.177
11,41,27.04
11,42,23.587
11,43,25.626
11,44,24.335
11,45,23.843
11,46,20.041
11,47,25.37
11,48,26.768
11,49,153.118
11,50,27.233
11,51,29.255
11,52,29.488
11,53,20.473
11,54,24.158
11,55,25.872
11,56,26.147
11,57,28.529
11,58,23.801
11,59,29.834
11,60,25.771
11,61,20.01
11,62,28.487
11,63,24.675
11,64,25.578
11,65,24.874
11,66,21.663
11,67,26.001
11,68,21.905
11,69,29.126
11,70,21.188
11,71,28.349
11,72,22.236
11,73,28.665
11,74,29.044
11,75,26.152
11,76,22.905
11,77,21.063
11,78,27.0
11,79,27.507
11,80,22.716
11,81,25.933
11,82,22.868
11,83,23.164
11,84,24.564
11,85,21.555
11,86,24.852
11,87,21.41
11,88,22.413
11,89,22.923
11,90,22.529
11,91,24.046
11,92,23.689
11,93,28.069
11,94,26.366
11,95,27.69
11,96,27.424
11,97,25.317
11,98,26.232
11,99,29.007
11,100,27.07
11,101,24.425
11,102,27.846
11,103,20.999
11,104,24.331
11,105,21.559
11,106,20.491
11,107,23.77
11,108,27.091
11,109,29.433
11,110,27.34
11,111,27.54
11,112,24.125
11,113,28.012
11,114,23.899
11,115,20.54
11,116,29.002
11,117,21.268
11,118,28.322
11,119,29.357
11,120,28.324
11,121,28.898
11,122,27.639
11,123,25.698
11,124,24.666
11,125,28.08
11,126,20.549
11,127,22.675
11,128,28.117
11,129,23.938
11,130,21.841
11,131,28.238
11,132,20.38
11,133,28.352
11,134,23.925
11,135,21.174
11,136,20.098
11,137,28.841
11,138,23.66
11,139,24.842
11,140,20.16
11,141,20.704
11,142,25.386
11,143,23.92
11,144,21.346
11,145,23.788
11,146,27.443
11,147,24.898
11,148,25.485
11,149,28.58
11,150,27.258
11,151,28.248
11,152,25.267
11,153,23.445
11,154,26.737
11,155,20.301
11,156,22.477
11,157,26.319
11,158,21.884
11,159,28.846
11,160,26.243
11,161,27.941
11,162,29.511
11,163,20.541
11,164,29.645
11,165,25.604
11,166,28.293
11,167,28.041
11,168,25.866
11,169,27.18
11,170,29.604
11,171,20.802
11,172,24.841
11,173,29.184
11,174,22.097
11,175,23.461
11,176,26.444
11,177,21.198
11,178,24.785
11,179,28.935
11,180,25.03
11,181,26.734
11,182,24.058
11,183,25.665
11,184,26.137
11,185,22.711
11,186,25.701
11,187,28.366
11,188,29.899
11,189,21.463
11,190,22.724
11,191,26.445
11,192,23.723
11,193,25.026
11,194,28.651
11,195,29.17
11,196,25.974
11,197,21.113
11,198,20.422
11,199,28.571
11,200,22.218
11,201,23.068
11,202,28.558
11,203,24.445
11,204,21.953
11,205,20.374
11,206,24.397
11,207,22.714
11,208,24.231
11,209,24.422
11,210,24.633
11,211,29.453
11,212,23.104
11,213,27.452
11,214,21.679
11,215,23.161
11,216,26.638
11,217,27.428
11,218,26.895
11,219,21.075
11,220,20.317
11,221,28.13
11,222,29.989
11,223,25.614
11,224,28.113
11,225,24.209
11,226,25.559
11,227,20.34
11,228,25.683
11,229,20.324
11,230,20.601
11,231,23.115
11,232,23.044
11,233,27.869
11,234,28.955
11,235,20.108
11,236,21.932
11,237,26.261
11,238,25.066
11,239,23.991
11,240,25.343
11,241,27.745
11,242,23.622
11,243,28.684
11,244,23.543
11,245,20.215
11,246,29.028
11,247,27.339
11,248,28.89
11,249,22.044
11,250,22.783
11,251,27.326
11,252,28.145
11,253,29.592
11,254,20.475
11,255,26.022
12,0,23.646
12,1,27.305
12,2,20.051
12,3,27.751
12,4,22.979
12,5,26.11
12,6,20.636
12,7,22.802
12,8,27.747
12,9,28.306
12,10,23.111
12,11,29.588
12,12,21.944
12,13,24.468
12,14,23.407
12,15,27.55
12,16,21.507
12,17,23.063
12,18,20.867
12,19,22.84
12,20,28.499
12,21,27.948
12,22,25.809
12,23,21.373
12,24,21.354
12,25,24.713
12,26,29.238
12,27,28.813
12,28,28.58
12,29,28.741
12,30,25.058
12,31,24.073
12,32,27.771
12,33,22.084
12,34,24.413
12,35,21.773
12,36,26.314
12,37,22.234
12,38,23.208
12,39,23.099
12,40,27.555
12,41,20.328
12,42,20.083
12,43,29.325
12,44,29.666
12,45,21.66
12,46,26.08
12,47,27.785
12,48,20.928
12,49,24.629
12,50,24.161
12,51,28.35
12,52,24.21
12,53,20.335
12,54,24.835
12,55,29.35
12,56,20.434
12,57,20.921
12,58,25.464
12,59,22.329
12,60,27.297
12,61,20.722
12,62,26.017
12,63,27.216
12,64,20.645
12,65,21.86
12,66,21.542
12,67,23.749
12,68,28.327
12,69,20.893
12,70,27.643
12,71,26.618
12,72,25.3
12,73,28.198
12,74,26.52
12,75,22.491
12,76,23.885
12,77,25.458
12,78,29.696
12,79,23.818
12,80,22.031
12,81,24.31
12,82,29.107
12,83,26.746
12,84,22.712
12,85,29.539
12,86,26.54
12,87,25.146
12,88,29.922
12,89,22.774
12,90,23.804
12,91,20.19
12,92,29.284
12,93,25.851
12,94,27.592
12,95,25.141
12,96,24.648
12,97,22.673
12,98,27.573
12,99,27.855
12,100,26.112
12,101,29.546
12,102,29.733
12,103,29.059
12,104,21.872
12,105,27.25
12,106,22.666
12,107,20.642
12,108,27.58
12,109,20.634
12,110,156.385
12,111,28.31
12,112,24.93
12,113,24.475
12,114,23.88
12,115,27.426
12,116,26.052
12,117,28.087
12,118,29.389
12,119,29.715
12,120,24.109
12,121,29.256
12,122,24.35
12,123,29.537
12,124,22.303
12,125,29.919
12,126,23.506
12,127,24.828
12,128,24.447
12,129,29.936
12,130,20.944
12,131,27.684
12,132,25.176
12,133,23.757
12,134,29.717
12,135,26.0
12,136,28.051
12,137,28.829
12,138,28.777
12,139,22.076
12,140,26.838
12,141,25.382
12,142,22.974
12,143,25.827
12,144,21.316
12,145,26.815
12,146,22.481
12,147,28.392
12,148,25.595
12,149,23.183
12,150,21.899
12,151,28.049
12,152,20.214
12,153,25.376
12,154,21.184
12,155,27.183
12,156,22.137
12,157,29.1
12,158,21.631
12,159,22.991
12,160,27.218
12,161,25.331
12,162,23.636
12,163,27.147
12,164,22.587
12,165,29.818
12,166,25.979
12,167,29.769
12,168,23.498
12,169,27.568
12,170,24.136
12,171,21.66
12,172,24.832
12,173,29.651
12,174,22.807
12,175,21.85
12,176,27.011
12,177,21.205
12,178,28.689
12,179,27.008
12,180,23.135
12,181,29.028
12,182,21.548
12,183,25.95
12,184,22.843
12,185,27.434
12,186,21.391
12,187,24.861
12,188,27.813
12,189,24.677
12,190,26.696
12,191,20.779
12,192,20.842
12,193,29.447
12,194,24.417
12,195,28.739
12,196,27.246
12,197,27.759
12,198,20.062
12,199,21.483
12,200,25.521
12,201,29.388
12,202,27.461
12,203,22.043
12,204,29.967
12,205,20.721
12,206,29.495
12,207,20.329
12,208,26.981
12,209,29.936
12,210,22.269
12,211,23.426
12,212,24.717
12,213,29.24
12,214,28.599
12,215,23.793
12,216,22.638
12,217,24.129
12,218,29.113
12,219,25.599
12,220,26.622
12,221,26.07
12,222,25.656
12,223,20.496
12,224,24.424
12,225,26.747
12,226,28.307
12,227,27.158
12,228,29.336
12,229,21.463
12,230,22.496
12,231,21.304
12,232,21.913
12,233,21.071
12,234,23.066
12,235,28.898
12,236,27.764
12,237,20.267
12,238,22.133
12,239,29.022
12,240,28.886
12,241,21.082
12,242,25.277
12,243,28.356
12,244,24.121
12,245,25.977
12,246,20.692
12,247,24.62
12,248,20.024
12,249,27.683
12,250,21.09
12,251,21.028
12,252,24.489
12,253,26.772
12,254,29.77
12,255,27.275
13,0,22.417
13,1,29.154
13,2,21.775
13,3,23.536
13,4,21.157
13,5,22.034
13,6,22.507
13,7,24.26
13,8,20.411
13,9,24.227
13,10,25.919
13,11,27.699
13,12,20.796
13,13,28.013
13,14,29.112
13,15,22.4
13,16,29.491
13,17,27.909
13,18,28.389
13,19,29.415
13,20,29.72
13,21,25.512
13,22,27.241
13,23,25.566
13,24,25.087
13,25,28.867
13,26,21.001
13,27,22.241
13,28,28.015
13,29,20.367
13,30,22.824
13,31,24.759
13,32,29.809
13,33,23.746
13,34,28.23
13,35,29.992
13,36,22.048
13,37,28.511
13,38,29.471
13,39,25.45
13,40,24.64
13,41,27.493
13,42,26.96
13,43,24.967
13,44,24.022
13,45,28.753
13,46,23.083
13,47,20.452
13,48,25.081
13,49,23.838
13,50,23.995
13,51,21.464
13,52,24.425
13,53,24.42
13,54,23.091
13,55,29.969
13,56,22.761
13,57,21.051
13,58,28.855
13,59,22.229
13,60,21.857
13,61,28.262
13,62,22.757
13,63,27.471
13,64,27.933
13,65,23.916
13,66,24.287
13,67,24.146
13,68,23.632
13,69,29.487
13,70,27.643
13,71,24.874
13,72,25.143
13,73,22.647
13,74,26.125
13,75,28.272
13,76,24.597
13,77,26.63
13,78,22.762
13,79,23.564
13,80,21.878
13,81,27.669
13,82,24.166
13,83,29.626
13,84,24.513
13,85,25.542
13,86,29.963
13,87,21.71
13,88,21.949
13,89,22.791
13,90,28.099
13,91,25.788
13,92,26.281
13,93,28.949
13,94,25.775
13,95,29.026
13,96,25.886
13,97,24.912
13,98,26.521
13,99,27.204
13,100,26.536
13,101,23.577
13,102,24.956
13,103,169.247
13,104,27.677
13,105,27.809
13,106,25.933
13,107,28.675
13,108,20.904
13,109,27.396
13,110,25.522
13,111,24.427
13,112,22.609
13,113,22.784
13,114,25.742
13,115,29.417
13,116,22.117
13,117,28.866
13,118,20.525
13,119,26.526
13,120,22.173
13,121,25.058
13,122,27.652
13,123,29.037
13,124,20.463
13,125,24.695
13,126,23.445
13,127,23.491
13,128,23.387
13,129,20.555
13,130,29.901
13,131,26.554
13,132,29.773
13,133,23.724
13,134,27.65
13,135,21.981
13,136,28.678
13,137,22.958
13,138,22.647
13,139,21.778
13,140,26.928
13,141,26.739
13,142,28.108
13,143,23.338
13,144,29.577
13,145,28.971
13,146,24.436
13,147,22.54
13,148,29.309
13,149,26.299
13,150,27.538
13,151,27.69
13,152,21.925
13,153,23.066
13,154,26.046
13,155,21.509
13,156,26.558
13,157,27.514
13,158,27.507
13,159,22.154
13,160,29.198
13,161,26.096
13,162,23.956
13,163,27.482
13,164,23.58
13,165,26.363
13,166,22.715
13,167,20.706
13,168,23.752
13,169,26.155
13,170,23.918
13,171,29.06
13,172,22.306
13,173,25.122
13,174,22.4
13,175,24.927
13,176,23.205
13,177,21.239
13,178,29.693
13,179,20.899
13,180,20.225
13,181,27.151
13,182,27.83
13,183,26.102
13,184,25.83
13,185,23.891
13,186,24.657
13,187,29.851
13,188,26.544
13,189,27.85
13,190,24.238
13,191,24.032
13,192,27.881
13,193,26.891
13,194,25.419
13,195,24.606
13,196,20.376
13,197,22.514
13,198,21.231
13,199,28.847
13,200,29.574
13,201,24.904
13,202,24.339
13,203,24.727
13,204,23.866
13,205,22.185
13,206,23.336
13,207,25.524
13,208,25.883
13,209,29.341
13,210,27.875
13,211,25.172
13,212,22.838
13,213,28.945
13,214,28.879
13,215,26.557
13,216,26.388
13,217,21.706
13,218,26.288
13,219,27.417
13,220,20.036
13,221,29.939
13,222,21.63
13,223,26.612
13,224,26.54
13,225,25.195
13,226,23.968
13,227,24.955
13,228,28.845
13,229,24.396
13,230,23.96
13,231,27.721
13,232,22.776
13,233,22.19
13,234,27.208
13,235,24.179
13,236,22.593
13,237,27.526
13,238,21.013
13,239,26.762
13,240,23.681
13,241,28.559
13,242,26.976
13,243,28.464
13,244,27.475
13,245,25.833
13,246,20.71
13,247,22.235
13,248,20.588
13,249,22.121
13,250,25.086
13,251,22.989
13,252,24.737
13,253,25.289
13,254,27.975
13,255,22.968
14,0,25.812
14,1,21.955
14,2,24.378
14,3,22.58
14,4,23.445
14,5,23.716
14,6,21.284
14,7,24.625
14,8,25.806
14,9,24.873
14,10,21.327
14,11,26.45
14,12,20.408
14,13,27.243
14,14,24.011
14,15,28.338
14,16,24.346
14,17,28.213
14,18,21.534
14,19,24.784
14,20,23.507
14,21,20.689
14,22,25.937
14,23,27.564
14,24,24.047
14,25,20.323
14,26,29.179
14,27,24.82
14,28,27.446
14,29,29.477
14,30,29.195
14,31,27.371
14,32,21.141
14,33,27.445
14,34,22.202
14,35,28.834
14,36,25.469
14,37,28.862
14,38,22.256
14,39,20.625
14,40,27.287
14,41,29.57
14,42,28.798
14,43,26.247
14,44,20.494
14,45,20.736
14,46,25.573
14,47,26.196
14,48,28.695
14,49,27.896
14,50,29.003
14,51,24.177
14,52,26.143
14,53,27.743
14,54,24.858
14,55,26.753
14,56,29.659
14,57,25.927
14,58,24.828
14,59,22.462
14,60,21.221
14,61,24.599
14,62,25.806
14,63,28.727
14,64,28.848
14,65,20.715
14,66,23.817
14,67,25.34
14,68,28.267
14,69,24.899
14,70,21.499
14,71,29.715
14,72,28.154
14,73,26.587
14,74,23.64
14,75,25.163
14,76,24.711
14,77,25.854
14,78,28.331
14,79,25.55
14,80,29.776
14,81,25.609
14,82,21.041
14,83,22.168
14,84,27.534
14,85,24.568
14,86,26.74
14,87,26.304
14,88,23.86
14,89,21.379
14,90,28.089
14,91,23.293
14,92,23.975
14,93,20.143
14,94,22.149
14,95,155.887
14,96,24.227
14,97,26.487
14,98,26.156
14,99,20.293
14,100,23.05
14,101,21.71
14,102,27.339
14,103,25.392
14,104,20.746
14,105,23.831
14,106,21.427
14,107,20.494
14,108,23.438
14,109,26.844
14,110,26.947
14,111,28.669
14,112,21.921
14,113,23.374
14,114,26.68
14,115,20.788
14,116,24.473
14,117,23.824
14,118,21.16
14,119,29.165
14,120,22.185
14,121,27.334
14,122,29.995
14,123,29.226
14,124,29.672
14,125,25.387
14,126,25.614
14,127,29.122
14,128,29.831
14,129,28.434
14,130,22.963
14,131,29.286
14,132,22.883
14,133,20.57
14,134,22.474
14,135,22.121
14,136,26.056
14,137,27.395
14,138,23.676
14,139,22.815
14,140,26.95
14,141,28.074
14,142,26.506
14,143,21.564
14,144,26.167
14,145,23.96
14,146,28.878
14,147,25.378
14,148,29.535
14,149,21.198
14,150,29.415
14,151,21.279
14,152,20.604
14,153,25.344
14,154,29.224
14,155,24.661
14,156,24.731
14,157,29.924
14,158,25.738
14,159,26.234
14,160,25.278
14,161,25.819
14,162,27.295
14,163,26.215
14,164,27.499
14,165,22.083
14,166,27.361
14,167,24.948
14,168,28.197
14,169,23.143
14,170,29.329
14,171,28.175
14,172,27.186
14,173,23.814
14,174,20.25
14,175,20.489
14,176,29.445
14,177,21.273
14,178,23.294
14,179,26.433
14,180,22.753
14,181,21.015
14,182,24.919
14,183,26.847
14,184,25.726
14,185,23.561
14,186,27.668
14,187,25.868
14,188,22.593
14,189,22.221
14,190,23.517
14,191,26.522
14,192,25.454
14,193,25.214
14,194,22.554
14,195,21.025
14,196,24.763
14,197,23.869
14,198,23.771
14,199,25.551
14,200,27.832
14,201,29.637
14,202,24.489
14,203,26.03
14,204,24.679
14,205,22.606
14,206,25.7
14,207,21.326
14,208,20.478
14,209,26.198
14,210,27.671
14,211,20.044
14,212,25.95
14,213,25.25
14,214,25.817
14,215,26.297
14,216,21.465
14,217,22.25
14,218,21.175
14,219,26.606
14,220,28.249
14,221,23.014
14,222,25.048
14,223,23.835
14,224,23.281
14,225,25.356
14,226,25.588
14,227,27.273
14,228,21.442
14,229,21.132
14,230,24.748
14,231,29.705
14,232,26.97
14,233,27.536
14,234,28.536
14,235,28.893
14,236,20.479
14,237,21.73
14,238,26.581
14,239,27.338
14,240,23.204
14,241,20.555
14,242,28.827
14,243,28.473
14,244,24.962
14,245,23.191
14,246,20.438
14,247,29.063
14,248,24.996
14,249,28.883
14,250,21.773
14,251,25.274
14,252,28.033
14,253,28.186
14,254,29.521
14,255,21.992
15,0,25.599
15,1,29.085
15,2,24.025
15,3,26.585
15,4,29.731
15,5,27.453
15,6,29.576
15,7,23.513
15,8,24.968
15,9,23.533
15,10,26.134
15,11,28.312
15,12,25.455
15,13,26.958
15,14,26.242
15,15,28.69
15,16,28.673
15,17,21.788
15,18,23.517
15,19,26.64
15,20,28.126
15,21,28.178
15,22,28.744
15,23,24.662
15,24,25.834
15,25,25.978
15,26,23.031
15,27,24.864
15,28,28.718
15,29,21.271
15,30,20.969
15,31,21.413
15,32,22.456
15,33,20.705
15,34,22.659
15,35,22.804
15,36,26.293
15,37,27.017
15,38,25.704
15,39,27.781
15,40,27.972
15,41,21.165
15,42,22.907
15,43,25.937
15,44,24.782
15,45,22.319
15,46,22.883
15,47,26.824
15,48,29.44
15,49,28.177
15,50,29.392
15,51,25.477
15,52,22.225
15,53,26.293
15,54,29.456
15,55,28.786
15,56,29.94
15,57,28.5
15,58,29.498
15,59,27.933
15,60,21.219
15,61,26.484
15,62,20.293
15,63,27.965
15,64,25.401
15,65,23.925
15,66,25.655
15,67,25.412
15,68,23.956
15,69,29.799
15,70,20.154
15,71,25.767
15,72,28.579
15,73,27.964
15,74,29.807
15,75,23.45
15,76,20.262
15,77,20.947
15,78,29.732
15,79,28.322
15,80,25.062
15,81,26.298
15,82,20.661
15,83,24.046
15,84,28.441
15,85,26.121
15,86,27.562
15,87,28.649
15,88,26.353
15,89,21.816
15,90,27.096
15,91,25.038
15,92,23.082
15,93,22.794
15,94,27.175
15,95,24.881
15,96,28.191
15,97,21.52
15,98,25.155
15,99,25.278
15,100,26.234
15,101,27.903
15,102,26.552
15,103,26.969
15,104,25.914
15,105,28.298
15,106,21.959
15,107,23.685
15,108,155.414
15,109,23.319
15,110,20.843
15,111,29.51
15,112,25.401
15,113,20.158
15,114,22.685
15,115,21.07
15,116,20.14
15,117,23.39
15,118,26.675
15,119,23.891
15,120,25.278
15,121,27.923
15,122,27.766
15,123,22.677
15,124,29.834
15,125,26.098
15,126,25.559
15,127,21.372
15,128,22.267
15,129,29.095
15,130,24.795
15,131,28.78
15,132,25.845
15,133,22.943
15,134,29.959
15,135,24.537
15,136,27.875
15,137,23.904
15,138,26.457
15,139,25.775
15,140,20.334
15,141,27.057
15,142,28.408
15,143,29.95
15,144,20.28
15,145,26.328
15,146,21.412
15,147,29.942
15,148,22.302
15,149,22.515
15,150,21.819
15,151,24.543
15,152,25.701
15,153,23.025
15,154,26.804
15,155,27.556
15,156,29.848
15,157,27.959
15,158,27.157
15,159,21.183
15,160,20.803
15,161,27.875
15,162,22.808
15,163,24.111
15,164,28.657
15,165,26.77
15,166,27.074
15,167,24.754
15,168,25.424
15,169,21.016
15,170,26.292
15,171,27.473
15,172,23.315
15,173,22.499
15,174,21.406
15,175,23.442
15,176,24.576
15,177,29.89
15,178,20.271
15,179,27.526
15,180,22.971
15,181,27.372
15,182,22.439
15,183,24.031
15,184,27.061
15,185,20.285
15,186,27.393
15,187,25.927
15,188,29.372
15,189,28.81
15,190,28.138
15,191,20.892
15,192,26.507
15,193,28.357
15,194,29.549
15,195,29.91
15,196,22.043
15,197,22.809
15,198,25.598
15,199,22.247
15,200,23.499
15,201,28.872
15,202,27.239
15,203,25.552
15,204,28.489
15,205,25.888
15,206,27.143
15,207,29.078
15,208,22.479
15,209,20.857
15,210,22.277
15,211,22.513
15,212,24.339
15,213,21.261
15,214,21.053
15,215,22.961
15,216,27.478
15,217,20.468
15,218,27.234
15,219,21.965
15,220,28.522
15,221,29.446
15,222,26.879
15,223,29.441
15,224,22.24
15,225,20.553
15,226,28.408
15,227,27.518
15,228,22.389
15,229,26.697
15,230,22.818
15,231,28.28
15,232,22.349
15,233,26.34
15,234,23.224
15,235,28.722
15,236,27.556
15,237,25.343
15,238,24.62
15,239,26.222
15,240,25.598
15,241,27.279
15,242,24.54
15,243,23.4
15,244,28.286
15,245,20.397
15,246,27.788
15,247,20.6
15,248,21.847
15,249,26.643
15,250,27.264
15,251,26.854
15,252,27.942
15,253,21.394
15,254,23.246
15,255,25.082
16,0,24.688
16,1,22.504
16,2,21.251
16,3,28.66
16,4,28.777
16,5,22.913
16,6,24.12
16,7,22.633
16,8,27.785
16,9,29.251
16,10,20.899
16,11,21.017
16,12,20.241
16,13,28.24
16,14,27.024
16,15,25.482
16,16,22.789
16,17,22.772
16,18,22.61
16,19,26.63
16,20,22.804
16,21,29.685
16,22,25.157
16,23,26.184
16,24,26.297
16,25,24.552
16,26,23.178
16,27,22.989
16,28,22.61
16,29,26.26
16,30,20.377
16,31,22.097
16,32,23.97
16,33,25.422
16,34,22.97
16,35,29.133
16,36,21.76
16,37,25.947
16,38,29.928
16,39,25.424
16,40,23.117
16,41,22.005
16,42,24.438
16,43,21.4
16,44,24.701
16,45,27.825
16,46,20.237
16,47,20.617
16,48,22.247
16,49,20.014
16,50,22.801
16,51,156.185
16,52,20.324
16,53,25.564
16,54,21.596
16,55,24.758
16,56,28.875
16,57,29.669
16,58,20.996
16,59,28.096
16,60,22.495
16,61,29.67
16,62,25.932
16,63,23.91
16,64,20.024
16,65,20.69
16,66,20.57
16,67,24.768
16,68,24.427
16,69,27.765
16,70,20.921
16,71,26.658
16,72,25.095
16,73,20.802
16,74,28.935
16,75,29.291
16,76,24.061
16,77,23.638
16,78,21.573
16,79,25.085
16,80,28.255
16,81,24.059
16,82,26.28
16,83,25.798
16,84,26.572
16,85,23.239
16,86,20.368
16,87,25.735
16,88,24.308
16,89,22.034
16,90,26.653
16,91,28.235
16,92,22.337
16,93,25.018
16,94,27.213
16,95,29.352
16,96,25.472
16,97,24.271
16,98,23.148
16,99,26.466
16,100,29.74
16,101,21.4
16,102,26.638
16,103,28.644
16,104,21.036
16,105,23.902
16,106,25.531
16,107,29.087
16,108,23.483
16,109,24.319
16,110,27.05
16,111,25.01
16,112,23.935
16,113,20.769
16,114,26.05
16,115,24.425
16,116,24.827
16,117,25.558
16,118,24.691
16,119,23.181
16,120,28.221
16,121,27.939
16,122,20.654
16,123,24.19
16,124,25.402
16,125,28.206
16,126,21.35
16,127,22.073
16,128,23.775
16,129,26.52
16,130,23.399
16,131,26.977
16,132,24.99
16,133,23.771
16,134,23.932
16,135,26.883
16,136,24.133
16,137,26.265
16,138,24.515
16,139,28.832
16,140,24.344
16,141,23.621
16,142,27.401
16,143,26.512
16,144,26.787
16,145,25.847
16,146,25.125
16,147,22.638
16,148,29.189
16,149,29.068
16,150,21.785
16,151,27.704
16,152,20.169
16,153,20.408
16,154,23.202
16,155,20.743
16,156,27.347
16,157,22.872
16,158,29.549
16,159,23.536
16,160,24.902
16,161,28.136
16,162,21.974
16,163,22.578
16,164,23.451
16,165,28.036
16,166,22.792
16,167,21.268
16,168,24.415
16,169,27.391
16,170,20.957
16,171,25.828
16,172,23.209
16,173,28.791
16,174,20.771
16,175,21.509
16,176,22.853
16,177,27.986
16,178,22.994
16,179,25.409
16,180,29.448
16,181,26.156
16,182,28.346
16,183,22.095
16,184,25.352
16,185,28.366
16,186,23.832
16,187,29.48
16,188,27.608
16,189,25.292
16,190,20.377
16,191,27.256
16,192,25.121
16,193,24.118
16,194,22.948
16,195,24.96
16,196,29.683
16,197,20.601
16,198,25.161
16,199,26.713
16,200,26.898
16,201,22.551
16,202,21.799
16,203,21.103
16,204,25.078
16,205,24.329
16,206,22.209
16,207,23.142
16,208,21.89
16,209,21.565
16,210,26.449
16,211,27.869
16,212,27.69
16,213,20.861
16,214,21.325
16,215,28.406
16,216,26.26
16,217,25.603
16,218,27.353
16,219,23.382
16,220,26.745
16,221,27.02
16,222,26.252
16,223,20.455
16,224,26.365
16,225,21.015
16,226,27.63
16,227,29.076
16,228,29.271
16,229,26.834
16,230,23.057
16,231,28.81
16,232,29.103
16,233,29.709
16,234,27.828
16,235,26.804
16,236,22.701
16,237,26.122
16,238,20.381
16,239,23.857
16,240,27.458
16,241,20.68
16,242,28.768
16,243,21.964
16,244,28.852
16,245,25.669
16,246,27.34
16,247,23.567
16,248,29.176
16,249,22.861
16,250,22.936
16,251,28.461
16,252,27.041
16,253,21.544
16,254,28.239
16,255,29.769
17,0,28.374
17,1,22.392
17,2,21.585
17,3,23.238
17,4,24.963
17,5,23.981
17,6,25.686
17,7,27.206
17,8,28.089
17,9,20.473
17,10,29.16
17,11,28.13
17,12,21.586
17,13,24.554
17,14,20.51
17,15,26.334
17,16,22.255
17,17,27.397
17,18,24.89
17,19,27.963
17,20,22.075
17,21,23.657
17,22,29.954
17,23,22.192
17,24,20.304
17,25,25.896
17,26,20.115
17,27,21.869
17,28,29.785
17,29,29.571
17,30,25.412
17,31,23.016
17,32,21.164
17,33,29.108
17,34,28.921
17,35,27.582
17,36,24.775
17,37,21.322
17,38,25.478
17,39,25.629
17,40,23.042
17,41,25.373
17,42,21.203
17,43,21.861
17,44,25.949
17,45,22.261
17,46,27.936
17,47,28.92
17,48,25.053
17,49,20.745
17,50,22.059
17,51,22.121
17,52,159.253
17,53,21.287
17,54,24.641
17,55,21.67
17,56,23.982
17,57,27.899
17,58,23.843
17,59,24.822
17,60,23.138
17,61,23.582
17,62,23.508
17,63,25.015
17,64,20.421
17,65,29.074
17,66,24.342
17,67,21.126
17,68,28.533
17,69,26.833
17,70,29.714
17,71,20.867
17,72,26.373
17,73,23.103
17,74,21.791
17,75,28.812
17,76,28.622
17,77,29.883
17,78,26.55
17,79,25.568
17,80,29.41
17,81,24.361
17,82,21.267
17,83,29.508
17,84,22.661
17,85,21.729
17,86,20.144
17,87,20.136
17,88,27.238
17,89,24.705
17,90,22.594
17,91,26.484
17,92,25.141
17,93,24.523
17,94,23.848
17,95,25.874
17,96,29.845
17,97,26.72
17,98,27.976
17,99,20.878
17,100,22.889
17,101,24.005
17,102,20.754
17,103,22.6
17,104,25.659
17,105,22.39
17,106,24.274
17,107,21.122
17,108,20.128
17,109,22.274
17,110,29.96
17,111,25.049
17,112,26.842
17,113,22.214
17,114,20.477
17,115,27.101
17,116,22.721
17,117,26.31
17,118,28.465
17,119,20.616
17,120,23.438
17,121,26.912
17,122,27.141
17,123,27.719
17,124,24.258
17,125,24.742
17,126,29.533
17,127,28.951
17,128,21.014
17,129,24.693
17,130,24.712
17,131,22.687
17,132,29.316
17,133,26.055
17,134,28.141
17,135,29.149
17,136,27.987
17,137,21.05
17,138,23.234
17,139,21.94
17,140,24.583
17,141,28.061
17,142,28.856
17,143,24.703
17,144,22.229
17,145,28.281
17,146,23.888
17,147,26.781
17,148,29.514
17,149,24.075
17,150,27.769
17,151,27.051
17,152,25.305
17,153,20.871
17,154,20.626
17,155,26.849
17,156,23.935
17,157,26.39
17,158,28.448
17,159,26.006
17,160,27.487
17,161,29.754
17,162,23.691
17,163,28.311
17,164,24.95
17,165,21.952
17,166,23.526
17,167,23.983
17,168,24.298
17,169,23.915
17,170,23.854
17,171,27.94
17,172,23.409
17,173,29.565
17,174,22.131
17,175,21.362
17,176,20.595
17,177,21.124
17,178,22.897
17,179,20.616
17,180,26.429
17,181,23.295
17,182,25.168
17,183,21.676
17,184,25.63
17,185,26.725
17,186,27.467
17,187,23.729
17,188,22.652
17,189,29.978
17,190,23.468
17,191,22.906
17,192,25.211
17,193,28.887
17,194,29.469
17,195,28.987
17,196,23.027
17,197,23.463
17,198,21.688
17,199,21.899
17,200,25.049
17,201,24.611
17,202,24.561
17,203,24.487
17,204,23.845
17,205,23.53
17,206,29.74
17,207,25.02
17,208,20.459
17,209,28.135
17,210,29.118
17,211,23.102
17,212,28.297
17,213,28.408
17,214,24.318
17,215,23.9
17,216,23.613
17,217,23.04
17,218,26.077
17,219,21.177
17,220,27.366
17,221,23.107
17,222,20.741
17,223,20.264
17,224,26.629
17,225,23.573
17,226,24.344
17,227,20.739
17,228,24.939
17,229,25.573
17,230,20.567
17,231,22.519
17,232,26.83
17,233,26.374
17,234,26.506
17,235,23.836
17,236,22.305
17,237,22.325
17,238,28.61
17,239,23.421
17,240,29.233
17,241,24.892
17,242,27.257
17,243,23.303
17,244,22.392
17,245,23.09
17,246,26.027
17,247,22.78
17,248,28.653
17,249,28.004
17,250,26.794
17,251,25.627
17,252,29.395
17,253,25.446
17,254,27.995
17,255,27.666
18,0,21.828
18,1,26.421
18,2,21.497
18,3,29.577
18,4,23.438
18,5,26.658
18,6,29.173
18,7,23.094
18,8,26.444
18,9,25.949
18,10,28.062
18,11,20.068
18,12,24.118
18,13,25.991
18,14,20.31
18,15,29.471
18,16,21.99
18,17,20.199
18,18,21.319
18,19,29.347
18,20,25.385
18,21,22.179
18,22,26.658
18,23,20.702
18,24,23.905
18,25,21.421
18,26,26.915
18,27,27.015
18,28,26.627
18,29,28.752
18,30,23.52
18,31,21.305
18,32,20.722
18,33,27.524
18,34,25.181
18,35,23.349
18,36,28.38
18,37,29.92
18,38,20.954
18,39,29.214
18,40,24.762
18,41,28.423
18,42,29.456
18,43,25.801
18,44,20.698
18,45,26.48
18,46,21.903
18,47,21.469
18,48,20.123
18,49,28.169
18,50,22.751
18,51,25.878
18,52,24.117
18,53,20.167
18,54,29.047
18,55,23.53
18,56,25.317
18,57,24.316
18,58,24.913
18,59,21.322
18,60,23.336
18,61,29.283
18,62,21.785
18,63,27.529
18,64,28.204
18,65,24.627
18,66,26.622
18,67,21.116
18,68,21.044
18,69,29.428
18,70,27.242
18,71,24.19
18,72,27.584
18,73,27.001
18,74,27.294
18,75,24.981
18,76,21.372
18,77,27.056
18,78,29.786
18,79,21.557
18,80,27.525
18,81,26.979
18,82,21.436
18,83,26.865
18,84,27.114
18,85,27.038
18,86,26.805
18,87,21.856
18,88,28.024
18,89,29.979
18,90,24.031
18,91,23.158
18,92,27.701
18,93,24.542
18,94,23.063
18,95,26.187
18,96,29.556
18,97,25.218
18,98,22.278
18,99,24.789
18,100,29.408
18,101,22.574
18,102,24.744
18,103,25.159
18,104,23.88
18,105,21.246
18,106,21.627
18,107,159.165
18,108,27.682
18,109,29.764
18,110,24.956
18,111,26.836
18,112,26.587
18,113,27.318
18,114,25.494
18,115,26.69
18,116,22.796
18,117,21.328
18,118,20.025
18,119,28.929
18,120,23.414
18,121,21.458
18,122,26.319
18,123,27.81
18,124,22.047
18,125,24.372
18,126,22.17
18,127,20.008
18,128,28.294
18,129,22.98
18,130,28.627
18,131,21.168
18,132,22.758
18,133,26.525
18,134,27.536
18,135,25.096
18,136,21.654
18,137,20.057
18,138,29.358
18,139,21.569
18,140,21.325
18,141,26.096
18,142,28.321
18,143,27.305
18,144,28.555
18,145,21.586
18,146,26.942
18,147,20.461
18,148,29.805
18,149,23.844
18,150,20.922
18,151,21.346
18,152,23.433
18,153,27.093
18,154,27.027
18,155,28.887
18,156,28.604
18,157,23.838
18,158,29.519
18,159,20.586
18,160,23.512
18,161,25.746
18,162,23.029
18,163,27.013
18,164,29.902
18,165,24.466
18,166,20.033
18,167,24.131
18,168,29.344
18,169,24.148
18,170,29.422
18,171,26.53
18,172,26.467
18,173,22.765
18,174,28.596
18,175,24.933
18,176,25.472
18,177,29.217
18,178,27.587
18,179,21.35
18,180,22.346
18,181,22.955
18,182,22.816
18,183,29.251
18,184,26.001
18,185,28.433
18,186,20.064
18,187,22.188
18,188,23.786
18,189,25.774
18,190,20.913
18,191,20.551
18,192,24.455
18,193,28.253
18,194,23.495
18,195,25.132
18,196,23.465
18,197,27.556
18,198,25.763
18,199,21.494
18,200,27.551
18,201,25.259
18,202,21.803
18,203,29.307
18,204,21.796
18,205,29.012
18,206,26.093
18,207,24.518
18,208,28.317
18,209,22.529
18,210,27.809
18,211,26.759
18,212,25.973
18,213,21.865
18,214,25.467
18,215,20.951
18,216,21.231
18,217,28.507
18,218,24.569
18,219,24.379
18,220,28.96
18,221,27.957
18,222,22.415
18,223,29.082
18,224,24.55
18,225,23.038
18,226,26.018
18,227,25.303
18,228,21.301
18,229,24.066
18,230,26.6
18,231,29.195
18,232,21.066
18,233,21.392
18,234,24.456
18,235,27.198
18,236,29.743
18,237,24.911
18,238,27.164
18,239,20.477
18,240,24.352
18,241,21.798
18,242,29.92
18,243,23.829
18,244,29.276
18,245,28.708
18,246,24.266
18,247,28.144
18,248,25.442
18,249,28.79
18,250,20.502
18,251,22.774
18,252,29.903
18,253,27.207
18,254,29.63
18,255,24.325
19,0,27.244
19,1,25.056
19,2,26.049
19,3,26.414
19,4,28.997
19,5,23.886
19,6,29.263
19,7,28.409
19,8,23.553
19,9,27.869
19,10,29.859
19,11,22.289
19,12,25.559
19,13,22.206
19,14,20.422
19,15,22.818
19,16,29.185
19,17,27.726
19,18,25.469
19,19,20.923
19,20,25.203
19,21,22.58
19,22,20.884
19,23,20.317
19,24,22.356
19,25,21.513
19,26,26.519
19,27,29.454
19,28,25.611
19,29,28.393
19,30,25.298
19,31,26.239
19,32,24.703
19,33,23.543
19,34,21.138
19,35,28.427
19,36,24.514
19,37,20.486
19,38,21.568
19,39,22.483
19,40,27.199
19,41,29.925
19,42,27.968
19,43,28.214
19,44,25.92
19,45,20.976
19,46,22.725
19,47,28.409
19,48,29.85
19,49,26.084
19,50,21.806
19,51,29.937
19,52,26.619
19,53,24.324
19,54,22.684
19,55,24.797
19,56,22.255
19,57,27.423
19,58,29.473
19,59,20.688
19,60,28.217
19,61,27.387
19,62,29.118
19,63,27.886
19,64,20.877
19,65,28.279
19,66,26.561
19,67,26.466
19,68,22.114
19,69,22.699
19,70,27.126
19,71,21.625
19,72,25.221
19,73,24.86
19,74,23.871
19,75,25.478
19,76,29.983
19,77,23.676
19,78,25.22
19,79,26.307
19,80,29.635
19,81,22.904
19,82,23.803
19,83,23.478
19,84,23.417
19,85,29.113
19,86,24.414
19,87,29.529
19,88,23.346
19,89,29.055
19,90,20.885
19,91,20.601
19,92,29.993
19,93,21.063
19,94,25.303
19,95,28.954
19,96,28.153
19,97,22.708
19,98,21.01
19,99,26.668
19,100,26.08
19,101,29.07
19,102,26.05
19,103,25.788
19,104,28.73
19,105,24.961
19,106,22.757
19,107,24.175
19,108,23.17
19,109,29.038
19,110,29.625
19,111,29.266
19,112,28.018
19,113,29.318
19,114,24.037
19,115,24.654
19,116,22.31
19,117,27.864
19,118,23.864
19,119,28.301
19,120,23.027
19,121,25.015
19,122,29.747
19,123,24.944
19,124,28.293
19,125,153.899
19,126,27.225
19,127,26.934
19,128,23.43
19,129,27.586
19,130,29.722
19,131,27.086
19,132,23.896
19,133,25.351
19,134,29.047
19,135,25.991
19,136,23.497
19,137,29.378
19,138,29.729
19,139,25.012
19,140,20.224
19,141,24.741
19,142,27.25
19,143,20.494
19,144,25.16
19,145,26.114
19,146,20.901
19,147,24.318
19,148,20.902
19,149,25.576
19,150,20.045
19,151,28.035
19,152,28.669
19,153,29.15
19,154,24.781
19,155,21.116
19,156,24.161
19,157,22.92
19,158,20.989
19,159,26.549
19,160,23.177
19,161,20.91
19,162,25.815
19,163,25.242
19,164,28.092
19,165,21.972
19,166,22.83
19,167,26.782
19,168,22.634
19,169,25.523
19,170,27.431
19,171,26.52
19,172,29.281
19,173,25.932
19,174,21.808
19,175,21.683
19,176,25.871
19,177,20.412
19,178,20.779
19,179,27.715
19,180,23.568
19,181,28.458
19,182,24.992
19,183,25.104
19,184,20.38
19,185,28.208
19,186,28.935
19,187,24.137
19,188,28.991
19,189,25.337
19,190,28.973
19,191,28.004
19,192,29.346
19,193,21.288
19,194,21.265
19,195,25.573
19,196,24.749
19,197,24.6
19,198,21.539
19,199,28.847
19,200,23.545
19,201,20.862
19,202,29.179
19,203,27.596
19,204,22.757
19,205,21.584
19,206,22.777
19,207,26.171
19,208,27.645
19,209,29.329
19,210,25.192
19,211,22.9
19,212,28.831
19,213,22.676
19,214,26.349
19,215,26.98
19,216,22.657
19,217,26.425
19,218,20.628
19,219,25.854
19,220,23.019
19,221,23.614
19,222,24.158
19,223,29.021
19,224,26.829
19,225,28.04
19,226,28.716
19,227,28.337
19,228,24.448
19,229,22.019
19,230,20.545
19,231,20.759
19,232,23.882
19,233,22.076
19,234,27.89
19,235,20.086
19,236,28.036
19,237,25.764
19,238,22.349
19,239,23.36
19,240,20.513
19,241,23.456
19,242,27.107
19,243,26.396
19,244,21.186
19,245,20.937
19,246,26.662
19,247,21.652
19,248,26.929
19,249,24.837
19,250,23.246
19,251,20.447
19,252,24.157
19,253,27.491
19,254,20.988
19,255,21.461
